Order of Magnitude,Average Time
3,0.000166
4,0.000287
5,0.000486
6,0.001096
7,0.004603
8,0.01001
9,0.040332
10,0.083084
11,0.136168
12,1.05169
13,2.61385
14,7.796
15,15.242
16,22.9728
17,316.14
18,324.772
